text,label,notes
"That’s the issue though. He’s so good that they keep hovering in the mediocre zone. Not good enough to go far but not bad enough for any worthy draft picks.",analysis,"Explains team-building problem"
"I mean they’re pretty clearly not keeping most assets they get and just flipping them later. They wouldn’t keep Brown from Boston long either. Once the Giannis trade is done then it’s full rebuild mode.",analysis,"Explains trade and rebuild strategy"
"Not the best example. At least the Heat made the Finals twice this decade. Steelers don’t even have a single playoff win.",analysis,"Counterargument with specific evidence"
"The Spurs' greatest strength is their biggest weakness. Crazy energy and effort from their youth. But they get a lead and think it's over. Happened time and time again through these playoffs.",analysis,"Explains team weakness using pattern"
"Agree, but also they run out of gas by the 4th. Knicks went deep in their bench tonight and absolutely needed every body on that bench tonight.",analysis,"Explains fatigue and bench depth"
"Knicks remember all their PT training under Thibodeau. A lot of them have that extra reserve tank from him.",analysis,"Explains conditioning impact"
"They simply just can not match that offer, at all.",hot_take,"Strong claim without detailed support"
"You’ll be in a better spot than more than half of the league as long as you have Spo.",hot_take,"Strong claim about coach value"
"You want the Bam/Herro combo that has shown that its ceiling is the play-in with the best head coach in the NBA?",hot_take,"Sarcastic claim with limited reasoning"
"Wemby is going to singlehandedly alter the course of Chet's career. I've never seen a player get sonned so hard by one player and it visibly crater their impact that way.",hot_take,"Very bold claim with dramatic framing"
"Biggest shot in Knicks history.",hot_take,"Major claim without support"
"Gotta be one of the biggest plays in NBA Finals history. Tip in to win the game in the biggest comeback in finals history.",hot_take,"Bold historical claim with limited support"
"If the Knicks close out, this has the potential to be one of the most iconic plays of all time.",hot_take,"Prediction/large claim"
"From a historical half-time Finals lead to an all-time choke job. This series is on crack.",hot_take,"Dramatic judgment, borderline reaction"
"Yao Ming should go #1. Can't miss talent from Japan.",hot_take,"Draft prediction with little explanation"
"Is it crazy I think Boozer is going 1?",hot_take,"Opinion/prediction without support"
"GLORIOUS HATEWATCH.",reaction,"Immediate emotional response"
"Holy fucking shit. That’s the most clutch tip I’ve ever seen.",reaction,"Immediate highlight reaction"
"They ALWAYS are it's getting old now.",reaction,"Frustration reaction"
"Truly the Steelers Conundrum.",reaction,"Short joke/comparison"
"I mean I’m here for that.",reaction,"Simple emotional response"
"The game of basketball won tonight.",reaction,"Joke reaction"
"HALIBAN AVENGED.",reaction,"Meme reaction"
"THAT RING LOOKING FUNNY IN THE LIGHT.",reaction,"Trash talk reaction"
"Hope this draft doesn't disappoint like 19-20.",reaction,"Fan expectation/emotion"
"Hoping to see one of Philon, Okorie or Anderson drafted by the Raptors tomorrow!",reaction,"Fan hope, not argument"
"Tyler Herro would be great for Detroit.",hot_take,"Positive roster claim but no detailed support"
"He is the perfect fit next to Cade.",hot_take,"Strong fit claim without explanation"
"Legit perfect next to Cade. He was a baller season before last, 24/5/5 on great splits. In 77 games. Playoffs he was double and blitzed, he had 0 other threats and he was worn out. Wouldn't happen with Cade/Duren next to him.",analysis,"Uses stats and roster context to explain fit"
"Nah Cade primarily but Duren too. I don't think people realize how much a classic big like Duren benefits from more playmakers on the floor.",analysis,"Explains how more playmaking helps Duren"
"You mean having a free roaming defender that can collapse on you all game isn't beneficial? lol.",hot_take,"Sarcastic basketball claim with limited explanation"
"I don't think you watched Detroit in the playoffs.",reaction,"Personal/frustrated response rather than basketball argument"
"Herro makes Duren better, and Duren would make Herro better. Why is that concept so hard to understand to Pistons fans?",hot_take,"Roster fit claim but mostly confrontational and not detailed"
"That feels like a lot for just Tyler Herro.",hot_take,"Trade value opinion without detailed reasoning"
"Agreed but player value is all over the place. I'd bet a final package doesn't end up including all 3 of these guys but we'll see. Above all else, if we get him, I'd just love to hold onto #21 in the draft this year.",analysis,"Discusses trade value and package construction"
"3 replacement level players for a 20ppg scorer is a lot?",hot_take,"Strong disagreement with limited explanation"
"Stewart is much better than replacement rn.",hot_take,"Player value claim without support"
"And Holland is a developmental piece. Duncan is the only one here that's replacement level, and ironically he might be the one I'm most concerned about losing. We want Herro for the shooting. Giving up one of our only good shooters to get him seems counter-productive.",analysis,"Explains player roles and why the trade may be counter-productive"
"Nah he didn't look good in the playoffs.",hot_take,"Negative player evaluation with little support"
"Sankofa is the first reputable person I've seen speaking about this trade from Detroit's side. He's a local beat writer who absolutely does not have a track record of tweeting out BS. He's usually too quiet until things are finalized. I would be in favor of the trade. I've always enjoyed Herro's game and the fit with Cade would be undeniable as he's revived the careers of Tim Hardaway Jr, Duncan Robinson and Malik Beasley. With Herro, a legit scorer in his prime, he might elevate Herro into a high 20's PPG scorer.",analysis,"Gives source credibility, roster fit, and scoring projection"
"This would be smart from Miami to add tools around Giannis.",hot_take,"Trade opinion with little explanation"
"I get we need offense but I'll be so so sad if we trade Beef and Ron.",reaction,"Emotional fan reaction"
"If I'm Detroit I'm looking to get Jaylen Brown in this deal instead of Tyler Herro. It'll cost them all their picks but it's worth it.",hot_take,"Bold trade preference with limited support"
"Only reason Boston is willing to trade Brown is because of Giannis. Detroit is not offering anything close to the value of Giannis.",analysis,"Explains why Brown is unlikely based on trade value"
"I mean that's the least valuable thing in the trade. Getting Duncan and Stew would be a phenomenal return. Like too good... return lol.",hot_take,"Strong value judgment with limited support"
"I can't imagine Duncan in Heat uniform tbh.",reaction,"Short emotional/imaginative response"
"Same tbh I feel like Spo could really make him shine.",hot_take,"Positive coach/player claim without detailed support"
"Someone could photoshop it for us. Or I guess make an AI slop image these days.",reaction,"Joke response, not basketball analysis"
"As a Pistons fan, Holland is going to be the more impactful player than Stew going forward.",hot_take,"Future player projection without evidence"
"Our sub doesn't seem to get this. Throw a pick swap in this year and it starts to feel a bit more even. But a straight up trade involving these players is pretty lopsided in Miami's favor.",hot_take,"Trade value claim with some reasoning but not fully developed"
"Not sure it's that lopsided. You're trading 3 bench guys and solving your biggest need. Pistons get Herro who instantly becomes their 2nd best ball handler playmaker and can create his own shot. He is everything you wanted Ivey to be.",analysis,"Explains trade value, team need, and player role"
"Draft night is always unpredictable, but I think the Mavs have become dead set on Burries and they're maneuvering around that plan.",analysis,"Draft prediction with reasoning about team strategy"
"Funny because my initial thought here was OKC is moving up for Burries. But could be Morez or Flemings too.",hot_take,"Speculation about draft target with little support"
"This makes me wonder how often do teams trade down for more assets, expecting their guy to still be there at the lower draft pick but then he gets taken by another team they didn't predict?",analysis,"Substantive question about draft strategy"
"Literally happened with the Mavs in 2013. They had #13, wanted Giannis, but thought they could still get him later on at #18. They were wrong.",analysis,"Uses historical example to explain draft risk"
"We did it to get Lively slightly more successfully too.",analysis,"Uses another draft example as evidence"
"Giannis Luka duo would've been nasty.",reaction,"Short fan reaction to hypothetical duo"
"Good chance they don't get Luka as Giannis was an all star the season they got the pick that was Trae Young that they traded for Luka.",analysis,"Explains alternate timeline with draft/trade context"
"I was on the anti-Thunder bandwagon this whole season as most are, but blowing it all up after one series when two of their key players were injured feels so shortsighted and reactionary to me.",analysis,"Explains why overreacting to one series is flawed"
"Yeah this is just the media being the media.",reaction,"General frustration with media narrative"
"Idk you should just trade us Shai and blow it up.",reaction,"Joke reaction"
"We should've drafted him instead of Bamba in the first damn place.",reaction,"Emotional draft regret"
"That was one of the dumbest draft picks ever considering we already had Vuc as our center and Isaac as our rim protector. We sort of just doubled down on something we didn't need when our starting point guard was DJ Augustin.",analysis,"Explains why a draft pick was poor using roster context"
"This sort of stunning finish in the quote -- like what does that even mean? Spurs clearly are on the Thunder's level as evidenced by their 4-1 record against them in the regular season, and the Thunder were missing 2 of their top 5 guys. Spurs are awesome, there was nothing really that stunning about it.",analysis,"Challenges media framing with evidence"
"The Spurs being this ahead of schedule is kinda stunning. OKC was talked about as a sure fire dynasty a month ago, and now the current group may never get back.",analysis,"Explains why the result feels surprising in context"
"You do realize they have so many assets they can easily try and trade for Giannis without blowing up the team at all.",hot_take,"Strong claim about trade assets with limited detail"
"They'd still have to match salaries. Those big salaries are attached to important players. Having a bunch of picks doesn't make the salary cap go away.",analysis,"Explains salary-matching issue in trades"
"Problem is that they're gonna lose Hartenstein due to cap, Chet fits really well next to Giannis, and Milwaukee probably doesn't want Chet as centerpiece after seeing that series. If they do get Giannis it will almost certainly be something like JDub Dort McCain plus picks.",analysis,"Detailed roster and salary-cap reasoning"
"Yeah JDub is the one with the availability problem and Giannis, McCain, and Ajay Mitchell can collectively absorb or exceed his backup ball-handling and scoring. Chet and JWill is a great big man rotation to put next to Giannis and Chet is still young and has time to lock in this summer, hit the gym, watch film, and maybe see a sports psychiatrist. People on this sub give up on players too easily.",analysis,"Detailed roster fit and development argument"
"Chet won't do any of that he's gonna smoke pot and mess around all summer before showing up as a hunchbacked twink again next season.",hot_take,"Unsupported negative prediction with insulting language"
"Chet is being paid max money.",hot_take,"Short salary claim without explanation"
"It's not that the Magic play more smoothly when Banchero and Wagner play separately, it's that they play more smoothly when Banchero doesn't play at all.",hot_take,"Very strong negative claim with sarcastic framing"
"Yea, this is the problem. Banchero's efficiency just doesn't justify the volume. It was fine when he was a rookie and learning, but it hasn't improved and that hurts the team.",analysis,"Explains efficiency and usage problem"
"He's still really young, just turned 23 last month, so I'm not gonna write him off. But man he's been massively inefficient his entire career. His career high TS% in a single season is 55%, which on high volume is brutal for a team's offense. Like I said it's too early to write him off for me but I think any hope that he's gonna be a top 5 player is probably gone. Which is disappointing for a #1 pick.",analysis,"Uses age, TS%, volume, and expectations to make a structured argument"
"As his biggest apologist, I'm mostly miffed at the fact that he hasn't improved at all. Had he improved from last year he'd be a clear all-nba type player.",hot_take,"Opinion about lack of improvement with limited detail"
"I actually think he is doing some things better than last year. He's a better passer, and makes quicker decisions than he did his first couple of years. I'm not saying he's always making good decisions, but he's making his decisions faster. His handle is really loose. Everyone has realized they can just strip the ball from him when he puts it on the floor outside of the post. His shot has also regressed heavily. Mid-range is a bad shot and he loves to shoot them. If his 3 isn't falling, teams can ignore him on the perimeter. I think he really just needs to work on his handle and he'll be fine.",analysis,"Detailed breakdown of passing, decision-making, handle, shot profile, and spacing"
"People forget how young he still is. I'm cautious and slightly concerned as the next guy but I think it's more of a shot selection thing for him than any real deficiency in his shooting itself. Now, that's not always an easy thing to fix but the continuous addition of other scoring threats on his team should help him.",analysis,"Explains age, shot selection, and team context"
"Guys don't progress linearly unfortunately. Some guys just have a ceiling. Booker is my favorite player ever for example, but he's been roughly the same level of impact since he was 22/23, and he's 28 now. Paolo has been in the league 5 years. He's been physically matured for a while now. I think expecting any more big changes to his game is just wishful thinking.",analysis,"Uses player development comparison to support argument"
"I'm inclined to think you're right honestly. His inefficiency isn't an easy thing to fix even if it's more a shot diet problem than a shooting mechanic one. That being said, he's still a productive player that I think could find a role on a winning team in the right circumstances, like taking on a supporting role, and the overall perception of him would change for the better.",analysis,"Balanced argument about inefficiency, role, and perception"
"Ala Aaron Gordon, though Paolo is at a level of use Gordon never got.",analysis,"Uses player comparison to explain possible role change"
"This is purely anecdotal from myself, who doesn't watch a lot of Magic games. But every time the Thunder play them, especially in the clutch, it feels like a bunch of forced Banchero isos that don't really go anywhere. Always feels like they're forcing him to be the star of the team instead of just letting the team play organically.",analysis,"Explains offensive issue using observed play style"
"Yeah same. I love him when on ball, gives me relief. I know he'll make some mistake and it'll be gg.",reaction,"Emotional fan response based on watching him"
"His passing has genuinely been good. It's just that everything else has gotten progressively worse. 3pt shot isn't falling, jump shot looks off, energy isn't there half the time, it doesn't even look like he's moving at full speed. Something's off with him.",analysis,"Breaks down passing, shooting, energy, and movement"
"His passing was arguably better last season. He's just having a regression year across the board, partly due to injury, partly due to Suggs and Franz being in and out a lot, and partly because his jumper has completely tanked.",analysis,"Gives multiple causes for regression"
"Man I never liked his game much either. I don't actually like to dog on players much. But his scoring efficiency has always bugged me especially because it hasn't really improved, and he doesn't really do that much else.",hot_take,"Negative player evaluation with some reasoning but not deeply developed"
"The shot is bad. There's a chance he may have peaked if he doesn't sort that out. He's an intriguing archetype but there are a lot of kinks in his game. To be fair to him he has had a big lack of spacing in Orlando but still he's .314 from 3 over his career and only .237 this year. That's shocking. It's amazing he's as effective as he is shooting it like that.",analysis,"Uses shooting percentages and spacing context"
"Paolo's shot has been regressing pretty badly. If he was hitting 47-48% on FGs and 35% on 3s, we wouldn't be talking so much, but instead he's hitting 43% on FGs and 23% on 3s, which is pretty bad regression after last season, where he already regressed a bit from his second season.",analysis,"Uses specific efficiency numbers to explain regression"
"Shooting the 3 worse than Spencer Jones. Thought his jumper was pure.",hot_take,"Short negative comparison without full reasoning"
"Small sample given he's only played 19 games with an oblique injury this season. Come back when he's at around 50 and we'll see. If you scroll down on stat pages to his FG distribution and FG% by shot type/distance, he's been steadily more efficient everywhere but his 3P shot. I don't like where his 3P shot is at but he's too young to rule out on that.",analysis,"Uses sample size, injury, shot distribution, and age to argue against overreaction"
"Someone needs to sit Paolo down and tell him he has to work on shot selection and passing, or he can be a 6th man. This iso stuff has to stop.",hot_take,"Strong criticism with limited support"
"He has to shoot it at league average.",hot_take,"Short demand without detailed explanation"
"I agree but as a Magic fan, Mosley needs to draw up better plays for him. It's also infuriating watching a smaller defender get matched up on him and he refuses to post them up or drive on them. A lot of the times he'll settle for a stupid step back or he will pass the ball.",analysis,"Explains coaching, matchup usage, and shot selection"
"That doesn't require better play. You draw a play up until you get mismatch for your superstar. That's on Paolo.",hot_take,"Strong blame assignment with limited detail"
"Mosley does a good job. You see the flashes where Banchero will put more effort into getting paint touches, he'll swing the ball instead of stopping it, he'll set more screens and take shots off the catch, it just never lasts. If you have to force a player to try and play a certain way constantly and they keep regressing to old habits, at some point the coach has done what they can and the player has to take some accountability.",analysis,"Explains player habits, coaching limits, and accountability"
"Sounds like DeMarcus Cousins to me. Huge body, super strong, settles for mid range post fadeaways instead of bullying his way into the paint for an easy two. Or he'll turn it over.",hot_take,"Player comparison with some support but mostly quick criticism"
"You'd think so but in the modern NBA the star usually wins. If Ant and the Wolves coach had a stalemate, who would win?",hot_take,"Broad claim about star power with rhetorical framing"
"Ant and Paolo are not on the same level.",hot_take,"Short comparison without explanation"
"Ant is the best 2 guard in the league. He is leagues better than Paolo at every facet of the modern game. He also has led the team to the WCF twice in a row in a loaded west, and repeatedly implemented improvements from the coaching staff to his game to become a more team-first player who can distribute the ball and be a leader. As such, he would probably win the stalemate, but due to the above, I doubt there would ever be one. Meanwhile is Paolo even an all-star or top 30 player? A more apt comparison would be Randle or Gobert having a standoff with the coach.",analysis,"Detailed comparison using achievements, development, role, and leadership"
"ANT isn't the kind of guy to have a stalemate with a coach unless it's warranted. Dude is extremely humble and hard working.",hot_take,"Character claim with limited evidence"
"Ant loves Finch. I don't know if I've ever seen him saying something bad or going against what he said. He was shooting with his left hand a lot two years ago and Finch got on him to knock that off, but Ant would randomly start again. That's about the most disagreement I can remember.",analysis,"Uses specific coach-player anecdote as evidence"
"I would like to sidebar and give Mobley credit for setting an actual legal screen. Those are rare these days.",analysis,"Comments on screening quality and legality"
"It's honestly why he's not known as a good screener, he's not grabbing and moving people when he does it.",analysis,"Explains why legal screens may not be seen as effective"
"It's unfortunate to think those things define a good screener these days, but you're right.",reaction,"Short agreement/frustration"
"If we want to be real, the really good screeners are also the dudes like Draymond who shuffle over 5ft. It's one of the reasons OKC is so good. They just foul a lot and they are really good at hiding it. Unfortunate reality, but a lot of the best screeners are the dudes who cheat but hide it.",analysis,"Explains modern screening using examples and reasoning"
"No idea what you're talking about, Hartenstein is just really friendly and gives hugs on every screen.",reaction,"Joke response"
"Honestly, at this point, they're not even good hiding it. It's just too late for the refs to balance the scales so they have to let it go.",hot_take,"Strong claim about refs with limited evidence"
"The crazy thing is, Hartenstein is not even hiding it at all. I have zero clue why the refs don't ding him for moving screens more because his are maybe some of the most obvious in the league.",hot_take,"Strong criticism of officiating"
"Is it actually a legal screen though? According to the rules, a screener must have his legs no wider than shoulder width apart. Here Mobley's case looks wider than shoulder width, but I guess you could still classify this as the same vertical plane?",analysis,"Uses rule language to question legality"
"It's definitely not fitting that description, but I think your boxes mess with the angling a bit and make it look worse. That said, I think refs don't do this to the letter of the law to allow players an actual solid stance, and that is different based on size.",analysis,"Evaluates rule interpretation and referee standards"
"Even without the lines you can tell that's a much wider stance than his shoulders.",analysis,"Uses visual evidence to evaluate the screen"
"Alright, that's funny, and upvote for the sunny in Philadelphia reference.",reaction,"Humor response"
"He could go wider but his hips won't let him, the shorts aren't helping either.",reaction,"Joke response"
"OK you got me cracking up now. I appreciate that laugh.",reaction,"Direct emotional response"
"This was black magic fuckery.",reaction,"Immediate emotional reaction to the highlight"
"I'm pretty sure Magic was black.",reaction,"Joke response"
"Still is too.",reaction,"Short joke response"
"Mitch 💪",reaction,"Short hype reaction"
"Thanks Magic.",reaction,"Short joke/reaction"
"Don't remember the last time I saw an ankle breaking pass. Definitely not one that didn't involve a fake.",reaction,"Reaction to unusual highlight"
"Biblical pass you could say.",reaction,"Joke/hype reaction"
"Amen.",reaction,"Short joke response"
"Cavs should go back to this logo and color scheme.",reaction,"Off-topic nostalgia reaction"
"Just in time for LeMentia to think he's back in the 2000s.",reaction,"Joke response"
"Bring LeBron back too with Mitchell, Harden, and DPOY and they are a championship team.",hot_take,"Bold team-building claim without detailed support"
"Shead tripped on Poeltl's foot lmao, not really an ankle breaker from Harden.",analysis,"Explains what actually caused the play"
"Agree, but also, if you end up stepping on your teammate's foot on defense, the defense is getting tested past what it can handle.",analysis,"Explains defensive breakdown"
"Pass so good it made Poeltl move unpredictably and break his teammate's ankles. I count it!",reaction,"Humorous reaction to the play"
"Basically every ankle breaker involves tangled limbs or a push. There's rarely ever an actual ankle breaking crossover without a push off.",analysis,"Makes broader observation about ankle breakers"
"Darius Garland was the problem.",hot_take,"Blunt player blame without support"
"Darius Garland never being healthy was the problem. Even this year with the Clips, after the play-in he said he'd been playing with the same bad toe that's hounded him all year.",analysis,"Explains performance issue using injury context"
"If last year's team had stayed healthy through the season, I really think they would have demolished everyone in the playoffs.",hot_take,"Big hypothetical claim with limited support"
"Small guards that are clueless on defense? I don't say.",hot_take,"Sarcastic criticism with limited detail"
"It's game 1.",reaction,"Short contextual reaction"
"Agreed. Always has been. You can't have a happy go lucky soft PG at the helm and expect to go very far in the playoffs.",hot_take,"Strong criticism of player type with little evidence"
"Found Kevin Harlan's burner account.",reaction,"Joke response"
"He is a rich man.",reaction,"Short joke response"
"I don't know, if you look at the way they discussed the Knicks the entire series even when they were losing, they spoke like they were the far better team.",hot_take,"Strong claim about team mindset with limited evidence"
"Who knows what they really thought when they were giving those lines to the media, but the Knicks were not imagining things when they told themselves the Spurs were overconfident.",analysis,"Balanced interpretation of media comments and team motivation"
"Everyone said the West was better. Everyone crowned Wemby as unstoppable. They got their teeth knocked in. And they didn't get up.",hot_take,"Bold narrative claim with dramatic wording"
"The Knicks going into San Antonio and punking them for games one and two on their home court wasn't on anybody's radar outside of NY.",hot_take,"Strong hindsight claim about expectations"
"The general feeling and consensus from anyone I talked to and most of the media was that OKC was the Spurs' biggest challenge. Obviously wrong, but still the sentiment. As for the Spurs' mindset about it, who knows unless they say it, but they didn't show up at home. Treating the Finals like a gimme hurt them.",analysis,"Explains media consensus and possible mindset issue"
"The betting consensus was that the Spurs were 2 to 1 favorites to beat the Knicks.",analysis,"Uses betting market evidence"
"I'm not sure that's true. But if you're a player and their next opponent, this is 1000% what you tell yourself to use as motivation.",analysis,"Explains how players use comments as motivation"
"It was their first playoffs together and they beat the defending champs in a game 7 in their arena, so I can see why they acted the way they did. Though, it didn't help that the media thought the western conference final was the real finals and I can see that seeping into their subconscious.",analysis,"Explains celebration using context and media narrative"
"Sure they beat the defending champs on the road in a game 7 as a very young team to get to the finals and it's their first playoffs together. But that still doesn't mean they should've celebrated the way they did. It's not like they won a home play-in game to warrant that type of celebration.",analysis,"Balanced argument about celebration and context"
"Did they even stand up now? Face the sun?",reaction,"Sarcastic reaction"
"Hide their tail or turn and run?",reaction,"Short joke response"
"Not just the media, but also plenty of dumbasses like me. Thrilled to be wrong though.",reaction,"Self-aware emotional reaction"
"The fact they beat the Thunder probably convinced them that the Knicks would be easier.",hot_take,"Speculative claim about team confidence"
"To be honest, the Spurs didn't have any playoff scar tissue. This was their first playoff run ever for most of their core. I totally understand why they would get super excited regardless. It was a first for everything the whole way through for them.",analysis,"Explains behavior through youth and playoff inexperience"
"Yeah the average age of the team is 14 and a half years old.",reaction,"Joke about team youth"
"Bunch of Tatums over there.",reaction,"Short joke/comparison"
"Mbappe's lol.",reaction,"Short joke response"
"Average age of the Knicks is 44 years old. I mean finally after so many tries, the Knicks team finally was able to do it. Brunson this year in the league was nothing like Wembanyama. The old veterans beat the young inexperienced team.",hot_take,"Narrative claim with joking exaggeration"
"Being down 3-0 in the WCF has to be a slight scar lol.",hot_take,"Speculative claim about playoff scars"
"Look at Carter Bryant's face and tell me anything other than this is the truth.",reaction,"Reaction based on visual/emotional cue"
"WCF is the real chip - NBA media until game 1 of the finals. They absolutely thought they had it lmao.",reaction,"Joke about media narrative"
"NBA fans have dementia. For the last 10 years, we've consistently seen the impossible made possible but people still act like one team is a lock.",analysis,"Uses recent history to argue against certainty"
"Also stupid because the Knicks and Spurs played twice. Healthy Spurs beat Knicks by 2 without Hart, Robinson, and Shamet. When fully healthy, minus McBride, Knicks beat the Spurs by 25.",analysis,"Uses head-to-head results and injury context"
"You're forgetting the NBA Cup final. We played the Spurs 8 times this year. We won 6 of them. We were down double digits in all 8 games.",analysis,"Uses season matchup evidence"
"Knicks play rope-a-dope. Let the opponent throw some punches, wear themselves down, and then they do their thing.",analysis,"Explains team style with a boxing analogy"
"Most people want to forget, trust me.",reaction,"Short emotional response"
"Every single time.",reaction,"Short agreement/reaction"
"He's right. Spurs thought they would run through the Knicks and so did so many of their fans. They thought they won the chip by beating OKC in 7. It was very satisfying to see them get humbled by a team of destiny.",hot_take,"Strong narrative claim with emotional framing"
"It's a reminder of how hard it is to win a championship. Spurs won 13 games and it was genuinely a monumental accomplishment, but you need to win 16 to win it all.",analysis,"Explains championship difficulty using playoff win count"
"OKC would have been killed in the finals with all their injuries too.",hot_take,"Strong hypothetical claim with limited support"
"I don't know about that. Knicks matched up better with the Spurs.",hot_take,"Matchup claim without detailed explanation"
"No, I don't think so. They at least put up a good fight. SGA wouldn't give every game away on a platter.",hot_take,"Hypothetical claim about OKC performance"
"SGA wouldn't but his team would. Second best player is Chet and third best player is Alex Caruso. Do the math.",hot_take,"Strong claim about roster weakness with limited detail"
"Healthy OKC definitely beats the Knicks, probably in 5, but without J-Dub and Ajay Mitchell, it was just too easy to overhelp on SGA because nobody else on the team could create shots for themselves or others.",analysis,"Explains matchup using injuries and shot creation"
"This is so ridiculous man. It's just basketball bro.",reaction,"Immediate emotional response to the incident"
"These people are such losers man. All of this over a game.",reaction,"Emotional reaction and moral judgment"
"And not even a game that they have anything a part of lol.",reaction,"Short reaction/joke about fan involvement"
"That's the point, they're just looking for a reason to do stupid stuff.",hot_take,"Broad claim about people's motives with limited support"
"These people aren't in it for basketball reasons. Just using it as an excuse to assault someone.",analysis,"Explains the behavior as not really being about basketball"
"And it's not even really about the game. They're streaming violence for engagement.",analysis,"Connects the incident to content incentives"
"Performative violence to show loyalty to a group of people who aren't even from their city who are only there because a billionaire who constantly insults their fanbase gives them millions of dollars.",analysis,"Gives a broader explanation of fan identity and incentives"
"These people would still be committing crimes if basketball or any other sport didn't exist.",hot_take,"Strong claim about people with little evidence"
"It's not even like Knicks and Spurs are longtime rivals.",analysis,"Uses rivalry context to explain why the incident is unreasonable"
"This is unfortunately the truth. If the Rockets caused this big of a crowd, you'd probably see some of the same behavior.",hot_take,"Speculative claim about other fanbases"
"The recent crowd assault on a concertgoer for wearing a banana costume, which the vocalist didn't like, shows how right this is.",analysis,"Uses another incident as supporting evidence"
"It's a human nature thing. Without laws, we are chaotic animals.",hot_take,"Broad claim about human nature"
"Without trust. Effective laws are predicated on the trust that they will be applied impartially to all, blind to markers of privilege and power. When laws are applied partially and the powerful are allowed to be corrupt, then trust collapses and society follows.",analysis,"Structured argument about law, trust, and social breakdown"
"Among the worst of the worst. It's so embarrassing how many people are fans of them. They shouldn't have a platform. Can't wait for the whole influencer and IRL streaming thing to be over with. A disgrace it's even a thing.",hot_take,"Strong criticism of streamers with emotional framing"
"It is like there's a generational disconnect. I'm 30. When I was a kid, being obsessed with anything related to the internet was loser behavior. Kids these days just grew up with it surrounding them and think it's normal.",analysis,"Explains behavior through generational change"
"It is their normal. Anyone younger than like 25 will have never really known a world where we didn't all have the internet in our pockets.",analysis,"Explains generational context"
"I don't know if it is generational disconnect or more like streaming as a job has basically turned into the easiest way to earn millions. People who were already bad before now have a financial incentive.",analysis,"Explains behavior through financial incentives"
"More people on the internet leads to more normalized internet habits and this has nothing to do with generations.",analysis,"Counterargument about internet normalization"
"I mean both are true. Their generation has more people on the internet.",analysis,"Balanced response combining both explanations"
"The internet is more real than real life now.",hot_take,"Big social claim without support"
"The national guard is gonna have to be called in whenever this series ends.",hot_take,"Exaggerated prediction"
"They should be on standby right now. At the very least call in available officers from outlying areas and surge state troopers.",hot_take,"Strong public safety claim"
"110 countries spend less on their militaries than the NYPD's annual budget. I think they're good.",analysis,"Uses budget comparison to support argument"
"No other country has 8 million New Yorkers though.",reaction,"Short counter-response"
"Yeah and like half of them have less people than New York.",analysis,"Uses population comparison as counterpoint"
"Normally yes but you know there's a little thing called the World Cup that might affect things a tiny bit.",reaction,"Sarcastic response"
"Can't, they are all in DC due to Trump's stupid summer surge. But when the Wizards win it all next year oh boy are we ready.",reaction,"Joke response"
"Probably an extremely dishonest framing.",hot_take,"Strong claim without explaining why"
"Well, now we've moved on from Knicks fans being terrible to New Yorkers being terrible. Great.",reaction,"Sarcastic reaction"
"Might not even be. People are travelling from all over to farm content.",analysis,"Explains that the issue may be content farming, not local fans"
"IRL streamers are the worst. I believe most of the horrible stuff being done is by someone trying to make some type of content.",analysis,"Explains behavior through content incentives"
"What I don't get is who in the world watches these streamers? Who's the main demographic? Also the fact that living vicariously through others has become so common where people are rich and famous for being idiots on camera is so sad.",reaction,"Emotional response with rhetorical questions"
"It's mainly younger kids.",hot_take,"Simple demographic claim without support"
"Young boys eat this up.",hot_take,"Broad demographic claim"
"Kids with access to their parents' credit cards.",hot_take,"Short claim about streamer audience"